bambara_1,bambara_2,francais,transcription_1,transcription_2
dàanajugu,dàanajugu,comportement méchant,dàanèjugu,dànajugu
daanajugu,dàanajugu,comportement méchant,dàanèjugu,dànajugu
dàbadababilen,dàbadababilen,houe bouche *augmentatif rouge,dàbadabilen,dàbadababilennin;dàbadablen
dabadababilen,dàbadababilen,houe bouche *augmentatif rouge,dàbadabilen,dàbadababilennin;dàbadablen
dàbadababilennin,dàbadababilennin,houe bouche *augmentatif rouge *diminutif,dàbadabilen,dàbadababilen;dàbadablen
dabadababilennin,dàbadababilennin,houe bouche *augmentatif rouge *diminutif,dàbadabilen,dàbadababilen;dàbadablen
dàbadablen,dàbadablen,houe bouche rouge,dàbadabilen,dàbadababilen;dàbadababilennin;dàbadablen
dabadablen,dàbadablen,houe bouche rouge,dàbadabilen,dàbadababilen;dàbadababilennin;dàbadablen
dàbadaninblen,dàbadaninblen,*diminutif rouge,dàbadaninbilen,dàbadaninblen
dabadaninblen,dàbadaninblen,*diminutif rouge,dàbadaninbilen,dàbadaninblen
dábaga,dábaga,créer *agent occasionnel,dábaa,dánbaga;dánbaa
dabaga,dábaga,créer *agent occasionnel,dábaa,dánbaga;dánbaa
dábɛ̀n,dábɛ̀n,bouche se.rencontrer,vt,Voir entrée principale :dálabè̀n
dabɛn,dábɛ̀n,bouche se.rencontrer,vt,Voir entrée principale :dálabè̀n
dabèn,dábɛ̀n,bouche se.rencontrer,vt,Voir entrée principale :dálabè̀n
dábiri,dábiri,bouche courber,vt,dábri
dabiri,dábiri,bouche courber,vt,dábri
dábri,dábri,bouche courber,vt,dábiri
dabri,dábri,bouche courber,vt,dábiri
dábulu,dábulu,bouche tuyau,dáburu,dábulu
dabulu,dábulu,bouche tuyau,dáburu,dábulu
dádè,dádè,bouche se.taire,vr,dájè;dádèn
dáden,dáden,bouche se.taire,dáde,dáje;dáden
daden,dáden,bouche se.taire,dáde,dáje;dáden
dádèn,dádèn,bouche se.taire,vr,dádè
dáfanɛ,dáfanɛ,bouche remplir langue,dáfanèn,dáfanè
dafanɛ,dáfanɛ,bouche remplir langue,dáfanèn,dáfanè
dafanè,dáfanɛ,bouche remplir langue,dáfanèn,dáfanè
dáfele,dáfele,bouche germer,dáfalen,dáfèlèn
dafele,dáfele,bouche germer,dáfalen,dáfèlèn
dáfɛlɛn,dáfɛlɛn,bouche germer,dáfalen,dáfele
dafɛlɛn,dáfɛlɛn,bouche germer,dáfalen,dáfele
dafèlèn,dáfɛlɛn,bouche germer,dáfalen,dáfele
dáfilifìli,dáfilifìli,bouche jeter jeter,vt,dáflifli
dafilifili,dáfilifìli,bouche jeter jeter,vt,dáflifli
dáfiri,dáfiri,bouche renverser,vt,dáfri
dafiri,dáfiri,bouche renverser,vt,dáfri
dáfiyɛ,dáfiyɛ,bouche souffler,vt,dáfyè
dafiyɛ,dáfiyɛ,bouche souffler,vt,dáfyè
dafiyè,dáfiyɛ,bouche souffler,vt,dáfyè
dáfiyɛn,dáfiyɛn,bouche vent,dáfiɲè,dáfiyèn
dafiyɛn,dáfiyɛn,bouche vent,dáfiɲè,dáfiyèn
dafiyèn,dáfiyɛn,bouche vent,dáfiɲè,dáfiyèn
dáfla,dáfla,jour deux,dáfila,dáfla
dafla,dáfla,jour deux,dáfila,dáfla
dáflà,dáflà,bouche deux,dáfìla,dáflà
dáfli,dáfli,bouche erreur,dáfili,dáfli
dafli,dáfli,bouche erreur,dáfili,dáfli
dáflici,dáflici,bouche jeter commission,dáfilici,dáflici
daflici,dáflici,bouche jeter commission,dáfilici,dáflici
dáflifli,dáflifli,bouche jeter jeter,vt,dáfilifìli
daflifli,dáflifli,bouche jeter jeter,vt,dáfilifìli
dáfri,dáfri,bouche renverser,vt,dáfiri
dafri,dáfri,bouche renverser,vt,dáfiri
dáfurugu,dáfurugu,bouche bon.ou.mauvais.côté,dáfuruku,dáfurugu
dafurugu,dáfurugu,bouche bon.ou.mauvais.côté,dáfuruku,dáfurugu
dáfyɛ,dáfyɛ,bouche souffler,vt,Voir entrée principale :dáfiyè
dafyɛ,dáfyɛ,bouche souffler,vt,Voir entrée principale :dáfiyè
dafyè,dáfyɛ,bouche souffler,vt,Voir entrée principale :dáfiyè
dàgadlala,dàgadlala,canari fabriquer *agent permanent,dàgadilala,dàgadlala
dagadlala,dàgadlala,canari fabriquer *agent permanent,dàgadilala,dàgadlala
dágalaka,dágalaka,bouche,dágèlèkè,dágwèlèkè;dágalaka
dagalaka,dágalaka,bouche,dágèlèkè,dágwèlèkè;dágalaka
dágɛ,dágɛ,bouche blanc,dájè,dágè
dagɛ,dágɛ,bouche blanc,dájè,dágè
dagè,dágɛ,bouche blanc,dájè,dágè
dágèn,dágèn,bouche,vr,dágwèn
dagen,dágèn,bouche,vr,dágwèn
dágɛn,dágɛn,bouche aiguiser,vt,dágwèn
dagɛn,dágɛn,bouche aiguiser,vt,dágwèn
dagèn,dágɛn,bouche aiguiser,vt,dágwèn
dágòsi,dágòsi,bouche battre,vt,dágɔ̀si
dágɔ̀si,dágɔ̀si,bouche battre,vt,dágòsi
dagɔsi,dágɔ̀si,bouche battre,vt,dágòsi
dagòsi,dágɔ̀si,bouche battre,vt,dágòsi
dágu,dágu,bouche joindre,vt,dágun
dagu,dágu,bouche joindre,vt,dágun
dágun,dágun,bouche joindre,vt,dágu
dagun,dágun,bouche joindre,vt,dágu
dàgwan,dàgwan,chanvre gombo,dàgan,dàgwan
dagwan,dàgwan,chanvre gombo,dàgan,dàgwan
dágwannan,dágwannan,bouche chauffer *instrumental,dágannan,dágwannan
dagwannan,dágwannan,bouche chauffer *instrumental,dágannan,dágwannan
dágwaran,dágwaran,bouche entraver,dágaran,dágwaran
dagwaran,dágwaran,bouche entraver,dágaran,dágwaran
dágwɛlɛkɛ,dágwɛlɛkɛ,bouche,dágèlèkè,dágwèlèkè;dágalaka
dagwɛlɛkɛ,dágwɛlɛkɛ,bouche,dágèlèkè,dágwèlèkè;dágalaka
dagwèlèkè,dágwɛlɛkɛ,bouche,dágèlèkè,dágwèlèkè;dágalaka
dágwɛlɛn,dágwɛlɛn,bouche difficile,dágèlèn,dágwèlèn
dagwɛlɛn,dágwɛlɛn,bouche difficile,dágèlèn,dágwèlèn
dagwèlèn,dágwɛlɛn,bouche difficile,dágèlèn,dágwèlèn
dágwèn,dágwèn,bouche,vr,dágèn
dagwen,dágwèn,bouche,vr,dágèn
dágwɛn,dágwɛn,bouche aiguiser,vt,dágèn
dagwɛn,dágwɛn,bouche aiguiser,vt,dágèn
dagwèn,dágwɛn,bouche aiguiser,vt,dágèn
dágwɛnnan,dágwɛnnan,aiguiser [ bouche aiguiser ] *instrumental,dágènnan,dágwènnan
dagwɛnnan,dágwɛnnan,aiguiser [ bouche aiguiser ] *instrumental,dágènnan,dágwènnan
dagwènnan,dágwɛnnan,aiguiser [ bouche aiguiser ] *instrumental,dágènnan,dágwènnan
dágweren,dágweren,bouche bouché,dágeren,dágweren
dagweren,dágweren,bouche bouché,dágeren,dágweren
dája,dája,bouche rendre.agréable [ agréable *en verbe dynamique ],dádiya,dája
daja,dája,bouche rendre.agréable [ agréable *en verbe dynamique ],dádiya,dája
dáje,dáje,bouche se.taire,dáde,dáden
daje,dáje,bouche se.taire,dáde,dáden
dájè,dájè,bouche se.taire,vr,dádè
dákamana,dákamana,bouche s'étonner *agent permanent,dákabana,dákamana
dakamana,dákamana,bouche s'étonner *agent permanent,dákabana,dákamana
dákɛɲɛ,dákɛɲɛ,bouche égaliser,vt,dákènyè
dakɛɲɛ,dákɛɲɛ,bouche égaliser,vt,dákènyè
dakènyè,dákɛɲɛ,bouche égaliser,vt,dákènyè
dákɛnɛmaya,dákɛnɛmaya,poser clarté *à *abstractif,dánkènèmaya,dákènèmaya
dakɛnɛmaya,dákɛnɛmaya,poser clarté *à *abstractif,dánkènèmaya,dákènèmaya
dakènèmaya,dákɛnɛmaya,poser clarté *à *abstractif,dánkènèmaya,dákènèmaya
dákɛnyɛ,dákɛnyɛ,bouche égaliser,vt,Voir entrée principale :dákèɲè
dakɛnyɛ,dákɛnyɛ,bouche égaliser,vt,Voir entrée principale :dákèɲè
dákuruɲa,dákuruɲa,bouche plier fois,dákuruɲè,dákuruɲa
dakuruɲa,dákuruɲa,bouche plier fois,dákuruɲè,dákuruɲa
dakurunya,dákuruɲa,bouche plier fois,dákuruɲè,dákuruɲa
dálabɛ̀n,dálabɛ̀n,bouche préparer [ *causatif se.rencontrer ],vt,dábè̀n
dalabɛn,dálabɛ̀n,bouche préparer [ *causatif se.rencontrer ],vt,dábè̀n
dalabèn,dálabɛ̀n,bouche préparer [ *causatif se.rencontrer ],vt,dábè̀n
dálafiɲɛ,dálafiɲɛ,bouche.active [ bouche à ] léger,dálafègèn,dálafiyèn;dálafyèn
dalafiɲɛ,dálafiɲɛ,bouche.active [ bouche à ] léger,dálafègèn,dálafiyèn;dálafyèn
dalafinyè,dálafiɲɛ,bouche.active [ bouche à ] léger,dálafègèn,dálafiyèn;dálafyèn
dálafiyɛn,dálafiyɛn,bouche.active [ bouche à ] léger,dálafègèn,dálafiɲè;dálafyèn
dalafiyɛn,dálafiyɛn,bouche.active [ bouche à ] léger,dálafègèn,dálafiɲè;dálafyèn
dalafiyèn,dálafiyɛn,bouche.active [ bouche à ] léger,dálafègèn,dálafiɲè;dálafyèn
dálafyɛn,dálafyɛn,bouche.active [ bouche à ] léger,dálafègèn,dálafiɲè;dálafiyèn;dálafyèn
dalafyɛn,dálafyɛn,bouche.active [ bouche à ] léger,dálafègèn,dálafiɲè;dálafiyèn;dálafyèn
dalafyèn,dálafyɛn,bouche.active [ bouche à ] léger,dálafègèn,dálafiɲè;dálafiyèn;dálafyèn
dálakunan,dálakunan,bouche.active [ bouche à ] amer,dálakuna,dálakunan
dalakunan,dálakunan,bouche.active [ bouche à ] amer,dálakuna,dálakunan
dálamàa,dálamàa,bouche remuer [ *causatif toucher ],vt,Voir entrée principale :dálamàga
dálamàga,dálamàga,bouche remuer [ *causatif toucher ],vt,dálamàa
dálan,dálan,poser *instrumental,dílan,dlán
dalan,dálan,poser *instrumental,dílan,dlán
dálannabana,dálannabana,lit [ poser *instrumental ] à maladie,dílannabana,dlánnabana
dalannabana,dálannabana,lit [ poser *instrumental ] à maladie,dílannabana,dlánnabana
dálasà,dálasà,bouche faire.mourir [ *causatif mourir ],vt,dárɔsà
dalasa,dálasà,bouche faire.mourir [ *causatif mourir ],vt,dárɔsà
dàluma,dàluma,cause *comme de,dàliluma,dàluma
daluma,dàluma,cause *comme de,dàliluma,dàluma
dàluntan,dàluntan,cause *privatif,dàliluntan,dàluntan
daluntan,dàluntan,cause *privatif,dàliluntan,dàluntan
dàluya,dàluya,cause *abstractif,dàliluya,dàluya
daluya,dàluya,cause *abstractif,dàliluya,dàluya
dámagɛlɛn,dámagɛlɛn,bouche.active [ bouche *connecteur ] difficile,dálagèlèn,dárɔgèlèn
damagɛlɛn,dámagɛlɛn,bouche.active [ bouche *connecteur ] difficile,dálagèlèn,dárɔgèlèn
damagèlèn,dámagɛlɛn,bouche.active [ bouche *connecteur ] difficile,dálagèlèn,dárɔgèlèn
dàmakɛnyɛ,dàmakɛnyɛ,limite [ limite *à ] égaliser,dàmakèɲè,dàmakènyè;dànmakèɲè;dànmakènyè
damakɛnyɛ,dàmakɛnyɛ,limite [ limite *à ] égaliser,dàmakèɲè,dàmakènyè;dànmakèɲè;dànmakènyè
dámandi,dámandi,bouche.active [ bouche *connecteur ] agréable,dálandi,dárɔndi
damandi,dámandi,bouche.active [ bouche *connecteur ] agréable,dálandi,dárɔndi
dàmayira,dàmayira,limite [ limite *à ] montrer,dàmajira,dàmayira
damayira,dàmayira,limite [ limite *à ] montrer,dàmajira,dàmayira
dámìna,dámìna,bouche attraper,dámìnè,dámìna
damina,dámìna,bouche attraper,dámìnè,dámìna
dámù,dámù,bouche enduire,vt,dámùn
damu,dámù,bouche enduire,vt,dámùn
dámùn,dámùn,bouche enduire,vt,dámù
damun,dámùn,bouche enduire,vt,dámù
dáɲa,dáɲa,poser fois,dáɲè,dáɲa
daɲa,dáɲa,poser fois,dáɲè,dáɲa
danya,dáɲa,poser fois,dáɲè,dáɲa
dànajugu,dànajugu,comportement méchant,dàanèjugu,dàanajugu;dànajugu
danajugu,dànajugu,comportement méchant,dàanèjugu,dàanajugu;dànajugu
dánaya,dánaya,foi [ poser *je à ] *abstractif,dánnaya,dánaya
danaya,dánaya,foi [ poser *je à ] *abstractif,dánnaya,dánaya
dánbaa,dánbaa,créer *agent occasionnel,dábaa,dábaga;dánbaga;dánbaa
danbaa,dánbaa,créer *agent occasionnel,dábaa,dábaga;dánbaga;dánbaa
dánbaga,dánbaga,créer *agent occasionnel,dábaa,dábaga;dánbaga;dánbaa
danbaga,dánbaga,créer *agent occasionnel,dábaa,dábaga;dánbaga;dánbaa
dànblen,dànblen,rouge,dànbilen,dànblen
danblen,dànblen,rouge,dànbilen,dànblen
dáɲɛgili,dáɲɛgili,fois [ poser fois ] racine,dáɲèdili,dáɲègili
daɲɛgili,dáɲɛgili,fois [ poser fois ] racine,dáɲèdili,dáɲègili
danyègili,dáɲɛgili,fois [ poser fois ] racine,dáɲèdili,dáɲègili
dànkúnbère,dànkúnbère,limite genou,dàn-kúnbère,dànkúnbère
dankunbere,dànkúnbère,limite genou,dàn-kúnbère,dànkúnbère
dànma,dànma,limite *à,dàma,dànma
dánmadɔ,dánmadɔ,nombre [ compte *comme de ] certain,dámadɔ,dánmadɔ
danmadɔ,dánmadɔ,nombre [ compte *comme de ] certain,dámadɔ,dánmadɔ
danmadò,dánmadɔ,nombre [ compte *comme de ] certain,dámadɔ,dánmadɔ
dànmakɛɲɛ,dànmakɛɲɛ,limite [ limite *à ] égaliser,dàmakèɲè,dàmakènyè;dànmakèɲè;dànmakènyè
danmakɛɲɛ,dànmakɛɲɛ,limite [ limite *à ] égaliser,dàmakèɲè,dàmakènyè;dànmakèɲè;dànmakènyè
danmakènyè,dànmakɛɲɛ,limite [ limite *à ] égaliser,dàmakèɲè,dàmakènyè;dànmakèɲè;dànmakènyè
dànmakɛnyɛ,dànmakɛnyɛ,limite [ limite *à ] égaliser,dàmakèɲè,dàmakènyè;dànmakèɲè;dànmakènyè
danmakɛnyɛ,dànmakɛnyɛ,limite [ limite *à ] égaliser,dàmakèɲè,dàmakènyè;dànmakèɲè;dànmakènyè
dànmana,dànmana,limite endroit *mental1,dàmana,dànmana;dànmanata
danmana,dànmana,limite endroit *mental1,dàmana,dànmana;dànmanata
dànmanata,dànmanata,limite endroit *mental2,dàmana,dànmana
danmanata,dànmanata,limite endroit *mental2,dàmana,dànmana
dànmatɛmɛ,dànmatɛmɛ,limite [ limite *à ] passer,dàmatèmè,dànmatèmè
danmatɛmɛ,dànmatɛmɛ,limite [ limite *à ] passer,dàmatèmè,dànmatèmè
danmatèmè,dànmatɛmɛ,limite [ limite *à ] passer,dàmatèmè,dànmatèmè
dànmatɛ̀mɛ,dànmatɛ̀mɛ,limite [ limite *à ] passer,dàmatè̀mè,dànmatè̀mè
dánɔgɔn,dánɔgɔn,bouche facile,dánɔgɔ,dánɔgɔn
danɔgɔn,dánɔgɔn,bouche facile,dánɔgɔ,dánɔgɔn
danògòn,dánɔgɔn,bouche facile,dánɔgɔ,dánɔgɔn
dánpɛ̀ri,dánpɛ̀ri,bouche,dánpère,dánpè̀ru
danpɛri,dánpɛ̀ri,bouche,dánpère,dánpè̀ru
danpèri,dánpɛ̀ri,bouche,dánpère,dánpè̀ru
dánpɛ̀ru,dánpɛ̀ru,bouche,dánpère,dánpè̀ri
danpɛru,dánpɛ̀ru,bouche,dánpère,dánpè̀ri
danpèru,dánpɛ̀ru,bouche,dánpère,dánpè̀ri
dárɔgɛlɛn,dárɔgɛlɛn,bouche.active [ bouche dans ] difficile,dálagèlèn,dámagèlèn
darɔgɛlɛn,dárɔgɛlɛn,bouche.active [ bouche dans ] difficile,dálagèlèn,dámagèlèn
darògèlèn,dárɔgɛlɛn,bouche.active [ bouche dans ] difficile,dálagèlèn,dámagèlèn
dárɔkà,dárɔkà,bouche ouvrir,vt,dálakà
darɔka,dárɔkà,bouche ouvrir,vt,dálakà
daròka,dárɔkà,bouche ouvrir,vt,dálakà
dárɔko,dárɔko,bouche à affaire,dálako,dárɔko
darɔko,dárɔko,bouche à affaire,dálako,dárɔko
daròko,dárɔko,bouche à affaire,dálako,dárɔko
dárɔndi,dárɔndi,bouche.active [ bouche dans ] agréable,dálandi,dámandi
darɔndi,dárɔndi,bouche.active [ bouche dans ] agréable,dálandi,dámandi
daròndi,dárɔndi,bouche.active [ bouche dans ] agréable,dálandi,dámandi
dárɔnkolon,dárɔnkolon,bouche vide [ *causatif vide ],dálankolon,dárɔnkolon
darɔnkolon,dárɔnkolon,bouche vide [ *causatif vide ],dálankolon,dárɔnkolon
darònkolon,dárɔnkolon,bouche vide [ *causatif vide ],dálankolon,dárɔnkolon
dárɔsà,dárɔsà,bouche faire.mourir [ *causatif mourir ],vt,dálasà
darɔsa,dárɔsà,bouche faire.mourir [ *causatif mourir ],vt,dálasà
daròsa,dárɔsà,bouche faire.mourir [ *causatif mourir ],vt,dálasà
dásɔ̀gɔ,dásɔ̀gɔ,bouche percer,vt,dáswà
dasɔgɔ,dásɔ̀gɔ,bouche percer,vt,dáswà
dasògò,dásɔ̀gɔ,bouche percer,vt,dáswà
dásònya,dásònya,bouche dérober [ voleur *abstractif ],vt,Voir entrée principale :dásònyè
dasonya,dásònya,bouche dérober [ voleur *abstractif ],vt,Voir entrée principale :dásònyè
dásònyɛ,dásònyɛ,bouche dérober [ voleur *abstractif ],vt,dásònya
dasonyɛ,dásònyɛ,bouche dérober [ voleur *abstractif ],vt,dásònya
dasonyè,dásònyɛ,bouche dérober [ voleur *abstractif ],vt,dásònya
dáswà,dáswà,bouche percer,vt,dásɔ̀gɔ
daswa,dáswà,bouche percer,vt,dásɔ̀gɔ
dátiyɛn,dátiyɛn,bouche gâter,dátiɲè,dátiyèn
datiyɛn,dátiyɛn,bouche gâter,dátiɲè,dátiyèn
datiyèn,dátiyɛn,bouche gâter,dátiɲè,dátiyèn
dátunu,dátunu,bouche perdre,vi,dátunun
datunu,dátunu,bouche perdre,vi,dátunun
dátunun,dátunun,bouche perdre,vi,dátunu
datunun,dátunun,bouche perdre,vi,dátunu
dáyɛ̀lɛ,dáyɛ̀lɛ,bouche ouvrir,vt,dáyè̀lèn
dáyɛ̀lɛn,dáyɛ̀lɛn,bouche ouvrir,vt,dáyè̀lè
dayɛlɛn,dáyɛ̀lɛn,bouche ouvrir,vt,dáyè̀lè
dayèlèn,dáyɛ̀lɛn,bouche ouvrir,vt,dáyè̀lè
dáyìra,dáyìra,bouche montrer,dájìra,dáyìra
dayira,dáyìra,bouche montrer,dájìra,dáyìra
dɛ̀ɛmukan,dɛ̀ɛmukan,parole cou,jè̀mukan,jè̀èmukan;dè̀èmukan;dè̀gèmukan
dɛɛmukan,dɛ̀ɛmukan,parole cou,jè̀mukan,jè̀èmukan;dè̀èmukan;dè̀gèmukan
dèemukan,dɛ̀ɛmukan,parole cou,jè̀mukan,jè̀èmukan;dè̀èmukan;dè̀gèmukan
dɛ̀gɛmukan,dɛ̀gɛmukan,parole cou,jè̀mukan,jè̀èmukan;dè̀èmukan;dè̀gèmukan
dɛgɛmukan,dɛ̀gɛmukan,parole cou,jè̀mukan,jè̀èmukan;dè̀èmukan;dè̀gèmukan
dègèmukan,dɛ̀gɛmukan,parole cou,jè̀mukan,jè̀èmukan;dè̀èmukan;dè̀gèmukan
dégresumanan,dégresumanan,degré mesurer *instrumental,dégeresumanan,dégresumanan
degresumanan,dégresumanan,degré mesurer *instrumental,dégeresumanan,dégresumanan
dénnaminaden,dénnaminaden,enfant maintenir [ *causatif attraper ] enfant,dénnaminèden,dénnɔminaden
dennaminaden,dénnaminaden,enfant maintenir [ *causatif attraper ] enfant,dénnaminèden,dénnɔminaden
dénɲɛ̀rɛnin,dénɲɛ̀rɛnin,enfant *diminutif,dényè̀rènin,dénɲè̀rènin;dényè̀nin;dénɲinènin
denɲɛrɛnin,dénɲɛ̀rɛnin,enfant *diminutif,dényè̀rènin,dénɲè̀rènin;dényè̀nin;dénɲinènin
dennyèrènin,dénɲɛ̀rɛnin,enfant *diminutif,dényè̀rènin,dénɲè̀rènin;dényè̀nin;dénɲinènin
dénɲinɛnin,dénɲinɛnin,enfant *diminutif,dényè̀rènin,dénɲè̀rènin;dényè̀nin;dénɲinènin
denɲinɛnin,dénɲinɛnin,enfant *diminutif,dényè̀rènin,dénɲè̀rènin;dényè̀nin;dénɲinènin
dennyinènin,dénɲinɛnin,enfant *diminutif,dényè̀rènin,dénɲè̀rènin;dényè̀nin;dénɲinènin
dénnɔminaden,dénnɔminaden,enfant maintenir [ *causatif attraper ] enfant,dénnaminèden,dénnaminaden;dénnɔminaden
dennɔminaden,dénnɔminaden,enfant maintenir [ *causatif attraper ] enfant,dénnaminèden,dénnaminaden;dénnɔminaden
dennòminaden,dénnɔminaden,enfant maintenir [ *causatif attraper ] enfant,dénnaminèden,dénnaminaden;dénnɔminaden
dényɛ̀nin,dényɛ̀nin,enfant *diminutif,dényè̀rènin,dénɲè̀rènin;dényè̀nin;dénɲinènin
denyɛnin,dényɛ̀nin,enfant *diminutif,dényè̀rènin,dénɲè̀rènin;dényè̀nin;dénɲinènin
denyènin,dényɛ̀nin,enfant *diminutif,dényè̀rènin,dénɲè̀rènin;dényè̀nin;dénɲinènin
dɛ́sɛnyɛ̀rɛkɔ́rɔ,dɛ́sɛnyɛ̀rɛkɔ́rɔ,échouer *je même sous,dè́sè-ń-yè̀rè-kɔ́rɔ,dè́sènyè̀rèkɔ́rɔ
dɛsɛnyɛrɛkɔrɔ,dɛ́sɛnyɛ̀rɛkɔ́rɔ,échouer *je même sous,dè́sè-ń-yè̀rè-kɔ́rɔ,dè́sènyè̀rèkɔ́rɔ
dèsènyèrèkòrò,dɛ́sɛnyɛ̀rɛkɔ́rɔ,échouer *je même sous,dè́sè-ń-yè̀rè-kɔ́rɔ,dè́sènyè̀rèkɔ́rɔ
dìbidìbi,dìbidìbi,être.obscur être.obscur,dìbi-dibi,dìbidìbi;dìibidìibi
dibidibi,dìbidìbi,être.obscur être.obscur,dìbi-dibi,dìbidìbi;dìibidìibi
dìibidìibi,dìibidìibi,être.obscur être.obscur,dìbi-dibi,dìbidìbi;dìibidìibi
diibidiibi,dìibidìibi,être.obscur être.obscur,dìbi-dibi,dìbidìbi;dìibidìibi
dímindon,dímindon,souffrance entrer,dímidon,dímindon
dimindon,dímindon,souffrance entrer,dímidon,dímindon
díɲɛlatigɛ,díɲɛlatigɛ,monde faire.passer [ *causatif couper ],díɲènatigè,díyènnatigè;jyè́nlatigè
diɲɛlatigɛ,díɲɛlatigɛ,monde faire.passer [ *causatif couper ],díɲènatigè,díyènnatigè;jyè́nlatigè
dinyèlatigè,díɲɛlatigɛ,monde faire.passer [ *causatif couper ],díɲènatigè,díyènnatigè;jyè́nlatigè
dínɔ̀nɔ,dínɔ̀nɔ,miel jus,dí-nɔ̀ɔnɔ,dínɔ̀ɔnɔ
dinɔnɔ,dínɔ̀nɔ,miel jus,dí-nɔ̀ɔnɔ,dínɔ̀ɔnɔ
dinònò,dínɔ̀nɔ,miel jus,dí-nɔ̀ɔnɔ,dínɔ̀ɔnɔ
dínɔ̀ɔnɔ,dínɔ̀ɔnɔ,miel jus,dí-nɔ̀ɔnɔ,dínɔ̀ɔnɔ;dínɔ̀nɔ
dinɔɔnɔ,dínɔ̀ɔnɔ,miel jus,dí-nɔ̀ɔnɔ,dínɔ̀ɔnɔ;dínɔ̀nɔ
dinòonò,dínɔ̀ɔnɔ,miel jus,dí-nɔ̀ɔnɔ,dínɔ̀ɔnɔ;dínɔ̀nɔ
dítebin,dítebin,thé.vert herbe,dùtebin,dítebin;bíndute
ditebin,dítebin,thé.vert herbe,dùtebin,dítebin;bíndute
díyabaatɔ,díyabaatɔ,rendre.agréable [ agréable *en verbe dynamique ] *agent occasionnel *statif,díyabagatɔ,jábaatɔ;jábagatɔ
diyabaatɔ,díyabaatɔ,rendre.agréable [ agréable *en verbe dynamique ] *agent occasionnel *statif,díyabagatɔ,jábaatɔ;jábagatɔ
diyabaatò,díyabaatɔ,rendre.agréable [ agréable *en verbe dynamique ] *agent occasionnel *statif,díyabagatɔ,jábaatɔ;jábagatɔ
díyagoya,díyagoya,rendre.agréable [ agréable *en verbe dynamique ] désagréable *en verbe dynamique,vt,díyakoya;jákoya;jágoya
diyagoya,díyagoya,rendre.agréable [ agréable *en verbe dynamique ] désagréable *en verbe dynamique,vt,díyakoya;jákoya;jágoya
díyakoya,díyakoya,rendre.agréable [ agréable *en verbe dynamique ] désagréable *en verbe dynamique,vt,díyagoya
diyakoya,díyakoya,rendre.agréable [ agréable *en verbe dynamique ] désagréable *en verbe dynamique,vt,díyagoya
díyakòya,díyakòya,bon.goût [ agréable *en verbe dynamique ] désagréable *en verbe dynamique,díyagòya,díyakòya;jákòya;jágòya
díyanyebaa,díyanyebaa,rendre.agréable [ agréable *en verbe dynamique ] *je *postposition polysémique *agent occasionnel,díyanyebaga,jányebaa
diyanyebaa,díyanyebaa,rendre.agréable [ agréable *en verbe dynamique ] *je *postposition polysémique *agent occasionnel,díyanyebaga,jányebaa
díyanyebaatɔ,díyanyebaatɔ,rendre.agréable [ agréable *en verbe dynamique ] *je *postposition polysémique *agent occasionnel *statif,díyanyebagatɔ,jányebaatɔ
diyanyebaatɔ,díyanyebaatɔ,rendre.agréable [ agréable *en verbe dynamique ] *je *postposition polysémique *agent occasionnel *statif,díyanyebagatɔ,jányebaatɔ
diyanyebaatò,díyanyebaatɔ,rendre.agréable [ agréable *en verbe dynamique ] *je *postposition polysémique *agent occasionnel *statif,díyanyebagatɔ,jányebaatɔ
díyanyemaa,díyanyemaa,plaisir [ rendre.agréable [ agréable *en verbe dynamique ] *je *postposition polysémique ] homme,díyanyemɔgɔ,jányemɔgɔ;jányemaa
diyanyemaa,díyanyemaa,plaisir [ rendre.agréable [ agréable *en verbe dynamique ] *je *postposition polysémique ] homme,díyanyemɔgɔ,jányemɔgɔ;jányemaa
díyɛnden,díyɛnden,monde enfant,díɲèden,díyènden
diyɛnden,díyɛnden,monde enfant,díɲèden,díyènden
diyènden,díyɛnden,monde enfant,díɲèden,díyènden
díyɛndenya,díyɛndenya,bon.vivant [ monde enfant ] *abstractif,díɲèdenya,díyèndenya
diyɛndenya,díyɛndenya,bon.vivant [ monde enfant ] *abstractif,díɲèdenya,díyèndenya
diyèndenya,díyɛndenya,bon.vivant [ monde enfant ] *abstractif,díɲèdenya,díyèndenya
díyɛnlaban,díyɛnlaban,monde fin [ *causatif terminer ],díɲèlaban,díyènlaban
diyɛnlaban,díyɛnlaban,monde fin [ *causatif terminer ],díɲèlaban,díyènlaban
diyènlaban,díyɛnlaban,monde fin [ *causatif terminer ],díɲèlaban,díyènlaban
díyɛnnabɔ,díyɛnnabɔ,monde à sortir,díɲènabɔ,díyènnabɔ;jíɲènabɔ
diyɛnnabɔ,díyɛnnabɔ,monde à sortir,díɲènabɔ,díyènnabɔ;jíɲènabɔ
diyènnabò,díyɛnnabɔ,monde à sortir,díɲènabɔ,díyènnabɔ;jíɲènabɔ
díyɛnnatigɛ,díyɛnnatigɛ,monde faire.passer [ *causatif couper ],díɲènatigè,díɲèlatigè;díyènnatigè;jyè́nlatigè
diyɛnnatigɛ,díyɛnnatigɛ,monde faire.passer [ *causatif couper ],díɲènatigè,díɲèlatigè;díyènnatigè;jyè́nlatigè
diyènnatigè,díyɛnnatigɛ,monde faire.passer [ *causatif couper ],díɲènatigè,díɲèlatigè;díyènnatigè;jyè́nlatigè
díyɛnsosigi,díyɛnsosigi,monde [ monde maison ] position.assise,díɲèsosigi,díyènsosigi
diyɛnsosigi,díyɛnsosigi,monde [ monde maison ] position.assise,díɲèsosigi,díyènsosigi
diyènsosigi,díyɛnsosigi,monde [ monde maison ] position.assise,díɲèsosigi,díyènsosigi
díyɛnwuli,díyɛnwuli,monde se.lever,díɲèwuli,díyènwuli
diyɛnwuli,díyɛnwuli,monde se.lever,díɲèwuli,díyènwuli
diyènwuli,díyɛnwuli,monde se.lever,díɲèwuli,díyènwuli
dlánnabana,dlánnabana,lit [ poser *instrumental ] à maladie,dílannabana,dálannabana;dlánnabana
dlannabana,dlánnabana,lit [ poser *instrumental ] à maladie,dílannabana,dálannabana;dlánnabana
dlàsaɲɔ,dlàsaɲɔ,lac petit.mil [ mil ],dàlasaɲɔ,dlàsaɲɔ
dlasaɲɔ,dlàsaɲɔ,lac petit.mil [ mil ],dàlasaɲɔ,dlàsaɲɔ
dlasanyò,dlàsaɲɔ,lac petit.mil [ mil ],dàlasaɲɔ,dlàsaɲɔ
dlɔ̀bo,dlɔ̀bo,bière.de.mil excrément,dɔ̀lɔbo,dùlɔbo;dlɔ̀bo
dlɔbo,dlɔ̀bo,bière.de.mil excrément,dɔ̀lɔbo,dùlɔbo;dlɔ̀bo
dlòbo,dlɔ̀bo,bière.de.mil excrément,dɔ̀lɔbo,dùlɔbo;dlɔ̀bo
dlɔ̀donna,dlɔ̀donna,bière.de.mil entrer *agent permanent,dɔ̀lɔdonna,dùlɔdonna;dlɔ̀donna
dlɔdonna,dlɔ̀donna,bière.de.mil entrer *agent permanent,dɔ̀lɔdonna,dùlɔdonna;dlɔ̀donna
dlòdonna,dlɔ̀donna,bière.de.mil entrer *agent permanent,dɔ̀lɔdonna,dùlɔdonna;dlɔ̀donna
dlɔ̀gɛrɛn,dlɔ̀gɛrɛn,bière.de.mil évaporer,dɔ̀lɔgèrèn,dùlɔgèrèn;dlɔ̀gèrèn;dɔ̀lɔgwèrèn;dùlɔgwèrèn;dlɔ̀gwèrèn
dlɔgɛrɛn,dlɔ̀gɛrɛn,bière.de.mil évaporer,dɔ̀lɔgèrèn,dùlɔgèrèn;dlɔ̀gèrèn;dɔ̀lɔgwèrèn;dùlɔgwèrèn;dlɔ̀gwèrèn
dlògèrèn,dlɔ̀gɛrɛn,bière.de.mil évaporer,dɔ̀lɔgèrèn,dùlɔgèrèn;dlɔ̀gèrèn;dɔ̀lɔgwèrèn;dùlɔgwèrèn;dlɔ̀gwèrèn
dlɔ̀gwɛrɛn,dlɔ̀gwɛrɛn,bière.de.mil évaporer,dɔ̀lɔgèrèn,dùlɔgèrèn;dlɔ̀gèrèn;dɔ̀lɔgwèrèn;dùlɔgwèrèn;dlɔ̀gwèrèn
dlɔgwɛrɛn,dlɔ̀gwɛrɛn,bière.de.mil évaporer,dɔ̀lɔgèrèn,dùlɔgèrèn;dlɔ̀gèrèn;dɔ̀lɔgwèrèn;dùlɔgwèrèn;dlɔ̀gwèrèn
dlògwèrèn,dlɔ̀gwɛrɛn,bière.de.mil évaporer,dɔ̀lɔgèrèn,dùlɔgèrèn;dlɔ̀gèrèn;dɔ̀lɔgwèrèn;dùlɔgwèrèn;dlɔ̀gwèrèn
dlɔ̀juru,dlɔ̀juru,bière.de.mil corde,dɔ̀lɔjuru,dùlɔjuru;dlɔ̀juru
dlɔjuru,dlɔ̀juru,bière.de.mil corde,dɔ̀lɔjuru,dùlɔjuru;dlɔ̀juru
dlòjuru,dlɔ̀juru,bière.de.mil corde,dɔ̀lɔjuru,dùlɔjuru;dlɔ̀juru
dlɔ̀kasila,dlɔ̀kasila,bière.de.mil pleurer *agent permanent,dɔ̀lɔkasila,dùlɔkasila;dlɔ̀kasila
dlɔkasila,dlɔ̀kasila,bière.de.mil pleurer *agent permanent,dɔ̀lɔkasila,dùlɔkasila;dlɔ̀kasila
dlòkasila,dlɔ̀kasila,bière.de.mil pleurer *agent permanent,dɔ̀lɔkasila,dùlɔkasila;dlɔ̀kasila
dlɔ̀min,dlɔ̀min,bière.de.mil boire,dɔ̀lɔmin,dù̀lɔmin
dlɔmin,dlɔ̀min,bière.de.mil boire,dɔ̀lɔmin,dù̀lɔmin
dlòmin,dlɔ̀min,bière.de.mil boire,dɔ̀lɔmin,dù̀lɔmin
dlɔ̀minna,dlɔ̀minna,bière.de.mil boire *agent permanent,dɔ̀lɔminna,dùlɔminna;dlɔ̀minna
dlɔminna,dlɔ̀minna,bière.de.mil boire *agent permanent,dɔ̀lɔminna,dùlɔminna;dlɔ̀minna
dlòminna,dlɔ̀minna,bière.de.mil boire *agent permanent,dɔ̀lɔminna,dùlɔminna;dlɔ̀minna
dlɔ̀mɔɔni,dlɔ̀mɔɔni,bière.de.mil ramollir,dɔ̀lɔmɔɔni,dùlɔmɔɔni;dlɔ̀mɔɔni
dlɔmɔɔni,dlɔ̀mɔɔni,bière.de.mil ramollir,dɔ̀lɔmɔɔni,dùlɔmɔɔni;dlɔ̀mɔɔni
dlòmòoni,dlɔ̀mɔɔni,bière.de.mil ramollir,dɔ̀lɔmɔɔni,dùlɔmɔɔni;dlɔ̀mɔɔni
dlɔ̀tɔ,dlɔ̀tɔ,bière.de.mil *statif,dɔ̀lɔtɔ,dùlɔtɔ;dlɔ̀tɔ
dlɔtɔ,dlɔ̀tɔ,bière.de.mil *statif,dɔ̀lɔtɔ,dùlɔtɔ;dlɔ̀tɔ
dlòtò,dlɔ̀tɔ,bière.de.mil *statif,dɔ̀lɔtɔ,dùlɔtɔ;dlɔ̀tɔ
dlɔ̀tɔya,dlɔ̀tɔya,ivre [ bière.de.mil *statif ] *abstractif,dɔ̀lɔtɔya,dùlɔtɔya;dlɔ̀tɔya
dlɔtɔya,dlɔ̀tɔya,ivre [ bière.de.mil *statif ] *abstractif,dɔ̀lɔtɔya,dùlɔtɔya;dlɔ̀tɔya
dlòtòya,dlɔ̀tɔya,ivre [ bière.de.mil *statif ] *abstractif,dɔ̀lɔtɔya,dùlɔtɔya;dlɔ̀tɔya
dnánjigin,dnánjigin,étranger descendre,vt,dúnanjigin
dnanjigin,dnánjigin,étranger descendre,vt,dúnanjigin
dnánjiginso,dnánjiginso,accueillir [ étranger descendre ] maison,dúnanjiginso,dnánjiginso
dnanjiginso,dnánjiginso,accueillir [ étranger descendre ] maison,dúnanjiginso,dnánjiginso
dnánkɛ,dnánkɛ,étranger mâle,dúnankè,dnánkè
dnankɛ,dnánkɛ,étranger mâle,dúnankè,dnánkè
dnankè,dnánkɛ,étranger mâle,dúnankè,dnánkè
dnánmuso,dnánmuso,étranger femme,dúnanmuso,dnánmuso
dnanmuso,dnánmuso,étranger femme,dúnanmuso,dnánmuso
dnánnama,dnánnama,étranger *en tant que,dúnannama,dnánnama
dnannama,dnánnama,étranger *en tant que,dúnannama,dnánnama
dnánya,dnánya,étranger *abstractif,dúnanya,dnánya
dnanya,dnánya,étranger *abstractif,dúnanya,dnánya
dɔ̀dɔlima,dɔ̀dɔlima,espionnage [ suivre *nom d'action ] *action orientée,vt,jɔ̀jɔlima
dɔdɔlima,dɔ̀dɔlima,espionnage [ suivre *nom d'action ] *action orientée,vt,jɔ̀jɔlima
dòdòlima,dɔ̀dɔlima,espionnage [ suivre *nom d'action ] *action orientée,vt,jɔ̀jɔlima
dɔ̀jan,dɔ̀jan,station.debout long,jɔ̀jan,dɔ̀jan
dɔjan,dɔ̀jan,station.debout long,jɔ̀jan,dɔ̀jan
dòjan,dɔ̀jan,station.debout long,jɔ̀jan,dɔ̀jan
dɔ̀kɔtɔrɔfura,dɔ̀kɔtɔrɔfura,docteur feuille,dɔ̀gɔtɔrɔfura,dɔ̀kɔtɔrɔfura
dɔkɔtɔrɔfura,dɔ̀kɔtɔrɔfura,docteur feuille,dɔ̀gɔtɔrɔfura,dɔ̀kɔtɔrɔfura
dòkòtòròfura,dɔ̀kɔtɔrɔfura,docteur feuille,dɔ̀gɔtɔrɔfura,dɔ̀kɔtɔrɔfura
dɔ̀kɔtɔrɔmobili,dɔ̀kɔtɔrɔmobili,docteur automobile,dɔ̀gɔtɔrɔmobili,dɔ̀kɔtɔrɔmobili
dɔkɔtɔrɔmobili,dɔ̀kɔtɔrɔmobili,docteur automobile,dɔ̀gɔtɔrɔmobili,dɔ̀kɔtɔrɔmobili
dòkòtòròmobili,dɔ̀kɔtɔrɔmobili,docteur automobile,dɔ̀gɔtɔrɔmobili,dɔ̀kɔtɔrɔmobili
dɔ̀kɔtɔrɔmuso,dɔ̀kɔtɔrɔmuso,docteur féminin,dɔ̀gɔtɔrɔmuso,dɔ̀kɔtɔrɔmuso
dɔkɔtɔrɔmuso,dɔ̀kɔtɔrɔmuso,docteur féminin,dɔ̀gɔtɔrɔmuso,dɔ̀kɔtɔrɔmuso
dòkòtòròmuso,dɔ̀kɔtɔrɔmuso,docteur féminin,dɔ̀gɔtɔrɔmuso,dɔ̀kɔtɔrɔmuso
dɔ̀kɔtɔrɔso,dɔ̀kɔtɔrɔso,docteur maison,dɔ̀gɔtɔrɔso,dɔ̀kɔtɔrɔso
dɔkɔtɔrɔso,dɔ̀kɔtɔrɔso,docteur maison,dɔ̀gɔtɔrɔso,dɔ̀kɔtɔrɔso
dòkòtòròso,dɔ̀kɔtɔrɔso,docteur maison,dɔ̀gɔtɔrɔso,dɔ̀kɔtɔrɔso
dɔ̀kɔtɔrɔya,dɔ̀kɔtɔrɔya,docteur *abstractif,dɔ̀gɔtɔrɔya,dɔ̀kɔtɔrɔya
dɔkɔtɔrɔya,dɔ̀kɔtɔrɔya,docteur *abstractif,dɔ̀gɔtɔrɔya,dɔ̀kɔtɔrɔya
dòkòtòròya,dɔ̀kɔtɔrɔya,docteur *abstractif,dɔ̀gɔtɔrɔya,dɔ̀kɔtɔrɔya
dòlaji,dòlaji,eau,lòlaji,dòlaji
dolaji,dòlaji,eau,lòlaji,dòlaji
dolariwari,dolariwari,dollar argent,dolari,dɔlari;dɔlariwari
dɔ̀lɔgwɛrɛn,dɔ̀lɔgwɛrɛn,bière.de.mil évaporer,dɔ̀lɔgèrèn,dùlɔgèrèn;dlɔ̀gèrèn;dɔ̀lɔgwèrèn;dùlɔgwèrèn;dlɔ̀gwèrèn
dɔlɔgwɛrɛn,dɔ̀lɔgwɛrɛn,bière.de.mil évaporer,dɔ̀lɔgèrèn,dùlɔgèrèn;dlɔ̀gèrèn;dɔ̀lɔgwèrèn;dùlɔgwèrèn;dlɔ̀gwèrèn
dòlògwèrèn,dɔ̀lɔgwɛrɛn,bière.de.mil évaporer,dɔ̀lɔgèrèn,dùlɔgèrèn;dlɔ̀gèrèn;dɔ̀lɔgwèrèn;dùlɔgwèrèn;dlɔ̀gwèrèn
dɔ́ndɔɔnin,dɔ́ndɔɔnin,étroit étroit *diminutif,dɔ́gɔdɔgɔnin,dɔ́ndɔɔnin
dɔndɔɔnin,dɔ́ndɔɔnin,étroit étroit *diminutif,dɔ́gɔdɔgɔnin,dɔ́ndɔɔnin
dòndòonin,dɔ́ndɔɔnin,étroit étroit *diminutif,dɔ́gɔdɔgɔnin,dɔ́ndɔɔnin
dònfinin,dònfinin,entrer tissu,dònfini,dònfinin
donfinin,dònfinin,entrer tissu,dònfini,dònfinin
dɔ̀ngɔna,dɔ̀ngɔna,désir *mental1,dùngɔna,dɔ̀ngɔna
dɔngɔna,dɔ̀ngɔna,désir *mental1,dùngɔna,dɔ̀ngɔna
dòngòna,dɔ̀ngɔna,désir *mental1,dùngɔna,dɔ̀ngɔna
dónjatilan,dónjatilan,jour compter *instrumental,dónjatelan,dónjatilan
donjatilan,dónjatilan,jour compter *instrumental,dónjatelan,dónjatilan
dòn-kà-bɔ́,dòn-kà-bɔ́,entrer *infinitif sortir,dònkabɔ,dòn-kà-bɔ́
don-ka-bɔ,dòn-kà-bɔ́,entrer *infinitif sortir,dònkabɔ,dòn-kà-bɔ́
don-ka-bò,dòn-kà-bɔ́,entrer *infinitif sortir,dònkabɔ,dòn-kà-bɔ́
dòn-kà-fílɛ,dòn-kà-fílɛ,entrer *infinitif regarder,dònkafilè,dòn-kà-fílè
don-ka-filɛ,dòn-kà-fílɛ,entrer *infinitif regarder,dònkafilè,dòn-kà-fílè
don-ka-filè,dòn-kà-fílɛ,entrer *infinitif regarder,dònkafilè,dòn-kà-fílè
dòn-ká-tɛ̀mɛ,dòn-ká-tɛ̀mɛ,entrer *infinitif passer,dònkatèmè,dòn-ká-tè̀mè
don-ka-tɛmɛ,dòn-ká-tɛ̀mɛ,entrer *infinitif passer,dònkatèmè,dòn-ká-tè̀mè
don-ka-tèmè,dòn-ká-tɛ̀mɛ,entrer *infinitif passer,dònkatèmè,dòn-ká-tè̀mè
dónkibaro,dónkibaro,jour nouvelle,dónkibaru,dónkibaro
donkibaro,dónkibaro,jour nouvelle,dónkibaru,dónkibaro
dónkibarobɔla,dónkibarobɔla,information.du.jour [ jour nouvelle ] sortir *agent permanent,dónkibarubɔla,dónkibarobɔla
donkibarobɔla,dónkibarobɔla,information.du.jour [ jour nouvelle ] sortir *agent permanent,dónkibarubɔla,dónkibarobɔla
donkibarobòla,dónkibarobɔla,information.du.jour [ jour nouvelle ] sortir *agent permanent,dónkibarubɔla,dónkibarobɔla
dónkò,dónkò,jour ce,dóngò,dónwò
donko,dónkò,jour ce,dóngò,dónwò
dònkɔnɔ,dònkɔnɔ,entrer *je dans,dònnkɔnɔ,dònkɔnɔ
donkɔnɔ,dònkɔnɔ,entrer *je dans,dònnkɔnɔ,dònkɔnɔ
donkònò,dònkɔnɔ,entrer *je dans,dònnkɔnɔ,dònkɔnɔ
dónmafla,dónmafla,jour *à deux,dónmafila,dónmafla
donmafla,dónmafla,jour *à deux,dónmafila,dónmafla
dònobugun,dònobugun,coq se.blottir,dònonbugun,dònobugun
donobugun,dònobugun,coq se.blottir,dònonbugun,dònobugun
dònokɔrɔ,dònokɔrɔ,coq mâle.adulte,dònonkɔrɔ,dònokɔrɔ
donokɔrɔ,dònokɔrɔ,coq mâle.adulte,dònonkɔrɔ,dònokɔrɔ
donokòrò,dònokɔrɔ,coq mâle.adulte,dònonkɔrɔ,dònokɔrɔ
dònotùlu,dònotùlu,coq huppe,dònontùlu,dònotùlu
donotulu,dònotùlu,coq huppe,dònontùlu,dònotùlu
dònowalan,dònowalan,coq moyen,dònonwalan,dònowalan
donowalan,dònowalan,coq moyen,dònonwalan,dònowalan
dònsɛ,dònsɛ,entrer poule,dònshè,dònsyè
donsɛ,dònsɛ,entrer poule,dònshè,dònsyè
donsè,dònsɛ,entrer poule,dònshè,dònsyè
dònsyɛ,dònsyɛ,entrer poule,dònshè,dònsè;dònsyè
donsyɛ,dònsyɛ,entrer poule,dònshè,dònsè;dònsyè
donsyè,dònsyɛ,entrer poule,dònshè,dònsè;dònsyè
dónwò,dónwò,jour ce,dóngò,dónkò
donwo,dónwò,jour ce,dóngò,dónkò
dɔ̀surun,dɔ̀surun,station.debout court,jɔ̀surun,dɔ̀surun
dɔsurun,dɔ̀surun,station.debout court,jɔ̀surun,dɔ̀surun
dòsurun,dɔ̀surun,station.debout court,jɔ̀surun,dɔ̀surun
drɔ́gutala,drɔ́gutala,drogue prendre *agent permanent,dɔ́rɔgutala,drɔ́gutala
drɔgutala,drɔ́gutala,drogue prendre *agent permanent,dɔ́rɔgutala,drɔ́gutala
drògutala,drɔ́gutala,drogue prendre *agent permanent,dɔ́rɔgutala,drɔ́gutala
dùfamàsakɔrɔ,dùfamàsakɔrɔ,vautour roi vieux,dùgamàsakɔrɔ,dùfamàsakɔrɔ
dufamasakɔrɔ,dùfamàsakɔrɔ,vautour roi vieux,dùgamàsakɔrɔ,dùfamàsakɔrɔ
dufamasakòrò,dùfamàsakɔrɔ,vautour roi vieux,dùgamàsakɔrɔ,dùfamàsakɔrɔ
dùgujɛnda,dùgujɛnda,aube [ terre blanc ] bouche,dùgujèda,dùgujènda
dugujɛnda,dùgujɛnda,aube [ terre blanc ] bouche,dùgujèda,dùgujènda
dugujènda,dùgujɛnda,aube [ terre blanc ] bouche,dùgujèda,dùgujènda
dùgusajɛ,dùgusajɛ,terre blanc,dùgusèjè,dùgusajè
dugusajɛ,dùgusajɛ,terre blanc,dùgusèjè,dùgusajè
dugusajè,dùgusajɛ,terre blanc,dùgusèjè,dùgusajè
dùlenya,dùlenya,courber *participe résultatif *abstractif,dùnnenya,dùlenya
dulenya,dùlenya,courber *participe résultatif *abstractif,dùnnenya,dùlenya
dùlɔbo,dùlɔbo,bière.de.mil excrément,dɔ̀lɔbo,dùlɔbo;dlɔ̀bo
dulɔbo,dùlɔbo,bière.de.mil excrément,dɔ̀lɔbo,dùlɔbo;dlɔ̀bo
dulòbo,dùlɔbo,bière.de.mil excrément,dɔ̀lɔbo,dùlɔbo;dlɔ̀bo
dùlɔdonna,dùlɔdonna,bière.de.mil entrer *agent permanent,dɔ̀lɔdonna,dùlɔdonna;dlɔ̀donna
dulɔdonna,dùlɔdonna,bière.de.mil entrer *agent permanent,dɔ̀lɔdonna,dùlɔdonna;dlɔ̀donna
dulòdonna,dùlɔdonna,bière.de.mil entrer *agent permanent,dɔ̀lɔdonna,dùlɔdonna;dlɔ̀donna
dùlɔgɛrɛn,dùlɔgɛrɛn,bière.de.mil évaporer,dɔ̀lɔgèrèn,dùlɔgèrèn;dlɔ̀gèrèn;dɔ̀lɔgwèrèn;dùlɔgwèrèn;dlɔ̀gwèrèn
dulɔgɛrɛn,dùlɔgɛrɛn,bière.de.mil évaporer,dɔ̀lɔgèrèn,dùlɔgèrèn;dlɔ̀gèrèn;dɔ̀lɔgwèrèn;dùlɔgwèrèn;dlɔ̀gwèrèn
dulògèrèn,dùlɔgɛrɛn,bière.de.mil évaporer,dɔ̀lɔgèrèn,dùlɔgèrèn;dlɔ̀gèrèn;dɔ̀lɔgwèrèn;dùlɔgwèrèn;dlɔ̀gwèrèn
dùlɔgwɛrɛn,dùlɔgwɛrɛn,bière.de.mil évaporer,dɔ̀lɔgèrèn,dùlɔgèrèn;dlɔ̀gèrèn;dɔ̀lɔgwèrèn;dùlɔgwèrèn;dlɔ̀gwèrèn
dulɔgwɛrɛn,dùlɔgwɛrɛn,bière.de.mil évaporer,dɔ̀lɔgèrèn,dùlɔgèrèn;dlɔ̀gèrèn;dɔ̀lɔgwèrèn;dùlɔgwèrèn;dlɔ̀gwèrèn
dulògwèrèn,dùlɔgwɛrɛn,bière.de.mil évaporer,dɔ̀lɔgèrèn,dùlɔgèrèn;dlɔ̀gèrèn;dɔ̀lɔgwèrèn;dùlɔgwèrèn;dlɔ̀gwèrèn
dùlɔjuru,dùlɔjuru,bière.de.mil corde,dɔ̀lɔjuru,dùlɔjuru;dlɔ̀juru
dulɔjuru,dùlɔjuru,bière.de.mil corde,dɔ̀lɔjuru,dùlɔjuru;dlɔ̀juru
dulòjuru,dùlɔjuru,bière.de.mil corde,dɔ̀lɔjuru,dùlɔjuru;dlɔ̀juru
dùlɔkasila,dùlɔkasila,bière.de.mil pleurer *agent permanent,dɔ̀lɔkasila,dùlɔkasila;dlɔ̀kasila
dulɔkasila,dùlɔkasila,bière.de.mil pleurer *agent permanent,dɔ̀lɔkasila,dùlɔkasila;dlɔ̀kasila
dulòkasila,dùlɔkasila,bière.de.mil pleurer *agent permanent,dɔ̀lɔkasila,dùlɔkasila;dlɔ̀kasila
dù̀lɔmin,dù̀lɔmin,bière.de.mil boire,dɔ̀lɔmin,dù̀lɔmin;dlɔ̀min
dulɔmin,dù̀lɔmin,bière.de.mil boire,dɔ̀lɔmin,dù̀lɔmin;dlɔ̀min
dulòmin,dù̀lɔmin,bière.de.mil boire,dɔ̀lɔmin,dù̀lɔmin;dlɔ̀min
dùlɔminna,dùlɔminna,bière.de.mil boire *agent permanent,dɔ̀lɔminna,dùlɔminna;dlɔ̀minna
dulɔminna,dùlɔminna,bière.de.mil boire *agent permanent,dɔ̀lɔminna,dùlɔminna;dlɔ̀minna
dulòminna,dùlɔminna,bière.de.mil boire *agent permanent,dɔ̀lɔminna,dùlɔminna;dlɔ̀minna
dùlɔmɔɔni,dùlɔmɔɔni,bière.de.mil ramollir,dɔ̀lɔmɔɔni,dùlɔmɔɔni;dlɔ̀mɔɔni
dulɔmɔɔni,dùlɔmɔɔni,bière.de.mil ramollir,dɔ̀lɔmɔɔni,dùlɔmɔɔni;dlɔ̀mɔɔni
dulòmòoni,dùlɔmɔɔni,bière.de.mil ramollir,dɔ̀lɔmɔɔni,dùlɔmɔɔni;dlɔ̀mɔɔni
dùlɔtɔ,dùlɔtɔ,bière.de.mil *statif,dɔ̀lɔtɔ,dùlɔtɔ;dlɔ̀tɔ
dulɔtɔ,dùlɔtɔ,bière.de.mil *statif,dɔ̀lɔtɔ,dùlɔtɔ;dlɔ̀tɔ
dulòtò,dùlɔtɔ,bière.de.mil *statif,dɔ̀lɔtɔ,dùlɔtɔ;dlɔ̀tɔ
dùlɔtɔya,dùlɔtɔya,ivre [ bière.de.mil *statif ] *abstractif,dɔ̀lɔtɔya,dùlɔtɔya;dlɔ̀tɔya
dulɔtɔya,dùlɔtɔya,ivre [ bière.de.mil *statif ] *abstractif,dɔ̀lɔtɔya,dùlɔtɔya;dlɔ̀tɔya
dulòtòya,dùlɔtɔya,ivre [ bière.de.mil *statif ] *abstractif,dɔ̀lɔtɔya,dùlɔtɔya;dlɔ̀tɔya
dúnanjigin,dúnanjigin,étranger descendre,vt,dnánjigin
dunanjigin,dúnanjigin,étranger descendre,vt,dnánjigin
dùsukunɲugu,dùsukunɲugu,coeur [ coeur tête ] nausée,dùsukunɲugun,dùsukunɲugu
dusukunɲugu,dùsukunɲugu,coeur [ coeur tête ] nausée,dùsukunɲugun,dùsukunɲugu
dusukunnyugu,dùsukunɲugu,coeur [ coeur tête ] nausée,dùsukunɲugun,dùsukunɲugu
dùsuɲugu,dùsuɲugu,coeur nausée,dùsuɲugun,dùsuɲugu
dusuɲugu,dùsuɲugu,coeur nausée,dùsuɲugun,dùsuɲugu
dusunyugu,dùsuɲugu,coeur nausée,dùsuɲugun,dùsuɲugu
dwáden,dwáden,marché enfant,dɔ́gɔden,dwáden;jwáden
dwaden,dwáden,marché enfant,dɔ́gɔden,dwáden;jwáden
dwáfurancɛ,dwáfurancɛ,marché distance [ distance milieu ],dɔ́gɔfurancè,dwáfurancè
dwafurancɛ,dwáfurancɛ,marché distance [ distance milieu ],dɔ́gɔfurancè,dwáfurancè
dwafurancè,dwáfurancɛ,marché distance [ distance milieu ],dɔ́gɔfurancè,dwáfurancè
dwákɛ,dwákɛ,cadet mâle,dɔ́gɔkè,dwákè;jwákè
dwakɛ,dwákɛ,cadet mâle,dɔ́gɔkè,dwákè;jwákè
dwakè,dwákɛ,cadet mâle,dɔ́gɔkè,dwákè;jwákè
dwákun,dwákun,marché tête,dɔ́gɔkun,dwákun;jwákun
dwakun,dwákun,marché tête,dɔ́gɔkun,dwákun;jwákun
dwámuso,dwámuso,cadet femme,dɔ́gɔmuso,dwámuso;jwámuso
dwamuso,dwámuso,cadet femme,dɔ́gɔmuso,dwámuso;jwámuso
dwánin,dwánin,cadet *diminutif,dɔ́gɔnin,dwánin;jwánin
dwanin,dwánin,cadet *diminutif,dɔ́gɔnin,dwánin;jwánin
dwáɲinina,dwáɲinina,fagot chercher *agent permanent,dɔ́gɔɲinina,dwáɲinina;jwáɲinina
dwaɲinina,dwáɲinina,fagot chercher *agent permanent,dɔ́gɔɲinina,dwáɲinina;jwáɲinina
dwanyinina,dwáɲinina,fagot chercher *agent permanent,dɔ́gɔɲinina,dwáɲinina;jwáɲinina
dwásiri,dwásiri,fagot lier,dɔ́gɔsiri,dwásiri;jwásiri
dwasiri,dwásiri,fagot lier,dɔ́gɔsiri,dwásiri;jwásiri
dwáya,dwáya,étroit *en verbe dynamique,dɔ́gɔya,dwáya;jwáya
dwaya,dwáya,étroit *en verbe dynamique,dɔ́gɔya,dwáya;jwáya
dwáyama,dwáyama,petitesse [ étroit *en verbe dynamique ] *comme de,dɔ́gɔyama,dwáyama;jwáyama
dwayama,dwáyama,petitesse [ étroit *en verbe dynamique ] *comme de,dɔ́gɔyama,dwáyama;jwáyama
